{
    "accuracy": 0.9709355131698456,
    "precision": 0.984375,
    "recall": 0.8076923076923077,
    "f1": 0.8873239436619719,
    "auc": 0.9797652964319631
}